MitocartaID	MitocartaGene	UniprotNameMatches	UniprotBlastID	UniprotBlastName	BlastIdentity	BlastIdentityNoGaps	BlastCoverage
NP_001001184	Primpol	0	Q6P1E7	PRIPO	1	1	1
NP_001001297	Thnsl1	0	Q8BH55	THNS1	1	1	1
NP_001001985	Nat8l	0	Q3UGX3	NAT8L	0.996655518394649	0.996655518394649	1
NP_001004174	AA467197	0	Q810Q5	NMES1	1	1	1
NP_001005767	Parl	0	Q5XJY4	PARL	1	1	1
NP_001007571	Slc25a42	0	Q8R0Y8	S2542	1	1	1
NP_001007579	Armcx6	0	Q8K3A6	ARMX6	1	1	1
NP_001008548	Pde2a	0	Q922S4	PDE2A	0.995740149094782	1	1
NP_001009927	Mief2	0	Q5NCS9	MID49	1	1	1
NP_001009949	Slc25a51	0	Q5HZI9	S2551	1	1	1
NP_001012310	Slc25a47	0	Q6IS41	S2547	1	1	1
NP_001013041	Mterf1a	0	Q8CHZ9	MTF1A	1	1	1
NP_001013399	Rsad1	0	Q5SUV1	RSAD1	1	1	1
NP_001013407	Mrs2	0	Q5NCE8	MRS2	1	1	1
NP_001013423	Tcaim	0	Q66JZ4	TCAIM	1	1	0.980353634577603
NP_001013784	Gm4952	0	Q5FW57	GLYAL	1	1	1
NP_001013802	Slc25a34	0	A2ADF7	S2534	1	1	1
NP_001013836	Amt	0	Q8CFA2	GCST	1	1	1
NP_001017429	Cox17	0	P56394	COX17	1	1	1
NP_001019556	Crls1	0	Q80ZM8	CRLS1	1	1	1
NP_001019777	Pdp2	0	Q504M2	Q504M2	1	1	1
NP_001020024	Timm9	0	Q9WV98	TIM9	1	1	1
NP_001020732	Pus1	0	Q9WU56	TRUA	0.959183673469388	1	1
NP_001021118	Dnm1l	0	Q8K1M6	DNM1L	0.942048517520216	1	1
NP_001025161	Mettl17	0	Q3U2U7	MET17	1	1	1
NP_001025185	Mcat	0	Q8R3F5	FABD	1	1	1
NP_001025445	Ndufs5	0	Q99LY9	NDUS5	1	1	1
NP_001026978	Mrpl41	0	Q9CQN7	RM41	1	1	1
NP_001027021	Agxt2	0	Q3UEG6	AGT2	0.948243992606285	1	1
NP_001028308	Rmdn3	0	Q3UJU9	RMD3	1	1	1
NP_001028312	Sdhaf1	0	Q3U276	SDHF1	1	1	1
NP_001028374	Usp30	0	Q3UN04	UBP30	1	1	1
NP_001028376	Rpusd3	0	Q14AI6	RUSD3	1	1	1
NP_001028401	Cyp11b1	0	Q3TG86	Q3TG86	1	1	1
NP_001028431	Mcu	0	Q3UMR5	MCU	1	1	1
NP_001028436	Gls2	0	Q571F8	GLSL	1	1	1
NP_001028456	Cryzl2	0	Q3UNZ8	QORL2	1	1	1
NP_001028469	Smim26	0	Q3V460	Q3V460	1	1	1
NP_001028477	Ndufb6	0	Q3UIU2	NDUB6	1	1	1
NP_001028482	Cox18	0	Q8VC74	COX18	1	1	1
NP_001028625	Pdp1	0	Q3UV70	PDP1	1	1	1
NP_001028662	Pusl1	0	A2ADA5	PUSL1	1	1	1
NP_001028770	Acsl6	0	Q91WC3	ACSL6	1	1	1
NP_001028802	2310061I04Rik	0	B8JJ69	B8JJ69	1	1	1
NP_001029138	Ak2	0	Q9WTP6	KAD2	1	1	1
NP_001032247	Tomm40l	0	Q9CZR3	TM40L	1	1	1
NP_001032833	Timm8a2	0	Q4FZG7	TI8AB	1	1	1
NP_001033007	Lipt1	0	Q8VCM4	LIPT	1	1	1
NP_001033027	Dhrs4	0	Q99LB2	DHRS4	1	1	1
NP_001033681	Glrx2	0	Q923X4	GLRX2	1	1	1
NP_001034138	Cox8c	0	A6H666	COX8C	1	1	1
NP_001034166	Plpbp	0	Q9Z2Y8	PLPHP	1	1	1
NP_001034278	Fars2	0	Q99M01	SYFM	1	1	1
NP_001034283	Aifm2	0	Q8BUE4	FSP1	1	1	1
NP_001034598	Pnkd	0	Q69ZP3	PNKD	1	1	1
NP_001034675	Glyctk	0	Q8QZY2	GLCTK	0.992351816443595	0.992351816443595	1
NP_001034799	Coq10b	0	Q3THF9	CQ10B	0.995833333333333	0.995833333333333	0.991735537190083
NP_001034913	Fdx2	0	Q9CPW2	FDX2	1	1	1
NP_001035115	Sco1	0	Q5SUC9	SCO1	1	1	1
NP_001035485	Nadk2	0	Q8C5H8	NAKD2	0.951327433628319	1	1
NP_001035781	Ung	0	P97931	UNG	1	1	1
NP_001035978	Txnrd1	0	Q9JMH6	TRXR1	1	1	1
NP_001036006	Akap1	0	O08715	AKAP1	1	1	1
NP_001036135	Mterf1b	0	B9EJ57	MTF1B	1	1	0.994750656167979
NP_001037854	Clpx	0	Q9JHS4	CLPX	0.977917981072555	1	1
NP_001038209	Gcdh	0	Q60759	GCDH	1	1	0.979865771812081
NP_001039023	Pick1	0	Q62083	PICK1	0.987980769230769	0.987980769230769	1
NP_001070149	Lyrm9	0	Q3UN90	LYRM9	1	1	1
NP_001071181	Sdhaf3	0	Q8BQU3	SDHF3	1	1	1
NP_001073595	Casp8	0	O89110	CASP8	1	1	1
NP_001074278	Cps1	0	Q8C196	CPSM	1	1	1
NP_001074438	Thg1l	0	Q9CY52	THG1	1	1	1
NP_001074509	Coq10a	0	E9Q3H6	E9Q3H6	1	1	1
NP_001074517	Slc25a18	0	Q9DB41	GHC2	1	1	1
NP_001074523	Qrsl1	0	Q9CZN8	GATA	1	1	1
NP_001074528	Mcur1	0	Q9CXD6	MCUR1	1	1	1
NP_001074550	Gls	0	D3Z7P3	GLSK	1	1	1
NP_001074558	Gpat2	0	Q14DK4	GPAT2	1	1	1
NP_001074599	Ogdhl	0	E9Q7L0	E9Q7L0	1	1	1
NP_001074600	Dhtkd1	0	A2ATU0	DHTK1	1	1	1
NP_001074650	Maip1	0	Q8BHE8	MAIP1	1	1	1
NP_001074679	Mrpl44	0	Q9CY73	RM44	1	1	1
NP_001074830	Mtarc1	0	Q9CW42	MARC1	0.976608187134503	0.982352941176471	1
NP_001074877	Agmat	0	A2AS89	SPEB	1	1	1
NP_001075881	Slc25a53	0	A2AF28	A2AF28	1	1	1
NP_001076444	Sdr39u1	0	Q5M8N4	D39U1	1	1	1
NP_001076797	Mtg2	0	A2AFK4	A2AFK4	1	1	1
NP_001077360	Ndufv3	0	Q8BK30	NDUV3	1	1	1
NP_001078962	Ndufaf6	0	A2AIL4	NDUF6	1	1	1
NP_001078966	Slc25a43	0	A2A3V2	S2543	1	1	1
NP_001078969	Cisd3	0	B1AR13	CISD3	1	1	1
NP_001092280	Ptrh2	0	Q8R2Y8	PTH2	1	1	1
NP_001093145	Tomm5	0	B1AXP6	TOM5	1	1	1
NP_001095068	Isoc2a	0	P85094	ISC2A	1	1	1
NP_001095916	Alas2	0	P08680	HEM0	0.974446337308348	1	1
NP_001096035	Alkbh1	0	P0CB42	ALKB1	1	1	1
NP_001103218	Tomm40	0	Q9QYA2	TOM40	1	1	1
NP_001103665	Echdc1	0	Q9D9V3	ECHD1	1	1	1
NP_001103712	Ndufaf8	0	A2AMZ4	NDUF8	1	1	1
NP_001103801	Eci2	0	Q9WUR2	ECI2	1	1	1
NP_001104487	Serac1	0	Q3U213	SRAC1	1	1	1
NP_001104532	Comt	0	O88587	COMT	1	1	1
NP_001104536	Fkbp8	0	O35465	FKBP8	0.997518610421836	1	1
NP_001104758	Sco2	0	Q8VCL2	SCO2	1	1	1
NP_001106209	Atp5c1	0	Q91VR2	ATPG	1	1	1
NP_001116155	Bdh1	0	Q80XN0	BDH	1	1	1
NP_001120810	Aldh7a1	0	Q9DBF1	AL7A1	1	1	1
NP_001120818	Ndufaf2	0	Q59J78	NDUF2	1	1	1
NP_001120823	Sirt3	0	Q8R104	SIR3	1	1	1
NP_001122073	Mthfsl	0	L7N466	L7N466	1	1	1
NP_001123635	Oxr1	0	Q4KMM3	OXR1	0.965295629820051	1	1
NP_001123929	Tbrg4	0	Q91YM4	FAKD4	1	1	1
NP_001128189	2810006K23Rik	0	Q80VP5	MTRFR	1	1	1
NP_001129712	Chdh	0	Q8BJ64	CHDH	1	1	1
NP_001132975	Dnlz	0	Q9D113	DNLZ	1	1	0.975609756097561
NP_001136276	Acss3	0	Q14DH7	ACSS3	1	1	1
NP_001138905	Smim20	0	D3Z7Q2	SIM20	1	1	1
NP_001139292	Gpd2	0	Q64521	GPDM	1	1	1
NP_001139348	Slc25a44	0	Q8BGF9	S2544	1	1	1
NP_001139521	Htatip2	0	Q9Z2G9	HTAI2	1	1	1
NP_001139529	Acot7	0	Q91V12	BACH	1	1	0.9921875
NP_001139556	Fastkd5	0	Q7TMV3	FAKD5	1	1	0.944237918215613
NP_001152747	Slc25a2	0	Q99ML6	Q99ML6	1	1	1
NP_001152882	Guk1	0	Q64520	KGUA	1	1	0.956521739130435
NP_001152893	Ccdc58	0	Q8R3Q6	MIX23	0.708333333333333	1	1
NP_001153001	Cox7a2l	0	Q61387	COX7R	0.828358208955224	1	1
NP_001153053	Mutyh	0	Q99P21	MUTYH	1	1	1
NP_001153110	Them7	0	Q9DCP4	Q9DCP4	1	1	1
NP_001153359	Ociad1	0	Q9CRD0	OCAD1	0.793522267206478	1	1
NP_001153510	Ndufs1	0	Q91VD9	NDUS1	1	1	1
NP_001153828	Uqcc3	0	Q8K2T4	UQCC3	1	1	1
NP_001154891	Atp5g1	0	Q9CR84	AT5G1	1	1	1
NP_001155859	Pex11b	0	Q9Z210	PX11B	1	1	1
NP_001155964	Mpst	0	Q99J99	THTM	1	1	1
NP_001155975	Sqor	0	Q9R112	SQOR	1	1	1
NP_001155993	Dguok	0	Q9QX60	DGUOK	1	1	1
NP_001156390	Ccdc90b	0	Q8C3X2	CC90B	0.8671875	1	1
NP_001156417	Mtx3	0	D3YTP3	D3YTP3	1	1	1
NP_001156478	Micos10	0	Q7TNS2	MIC10	1	1	1
NP_001156762	Coq8a	0	Q60936	COQ8A	1	1	1
NP_001156826	Rhot1	0	Q8BG51	MIRO1	0.951734539969834	1	1
NP_001156953	Fkbp10	0	Q61576	FKB10	0.998278829604131	1	1
NP_001157010	Pgam5	0	Q8BX10	PGAM5	1	1	1
NP_001157089	Tars2	0	Q3UQ84	SYTM	0.964038727524205	1	1
NP_001157094	Prepl	0	Q8C167	PPCEL	1	1	1
NP_001157100	Etfrf1	0	Q91V16	ETFR1	1	1	1
NP_001157214	Nlrx1	0	Q3TL44	NLRX1	1	1	1
NP_001157688	Romo1	0	P60603	ROMO1	1	1	1
NP_001157829	Slc25a25	0	A2ASZ8	SCMC2	0.997601918465228	0.997601918465228	0.830677290836653
NP_001157997	Tstd1	0	E9PY03	E9PY03	1	1	1
NP_001158031	Trmt1	0	Q3TX08	TRM1	0.996983408748115	0.996983408748115	1
NP_001158201	Tomm6	0	Q9CQN3	TOM6	1	1	1
NP_001158285	Pet117	0	P0DJF2	PT117	1	1	1
NP_001159503	Mrps2	0	Q924T2	RT02	0.934707903780069	1	1
NP_001159849	Armcx1	0	Q9CX83	ARMX1	1	1	1
NP_001159869	Armcx2	0	Q6A058	ARMX2	1	1	1
NP_001159922	Slc25a14	0	Q9Z2B2	UCP5	1	1	1
NP_001161163	Sirt4	0	Q8R216	SIR4	1	1	1
NP_001161208	Chchd6	0	Q91VN4	MIC25	0.897435897435897	1	1
NP_001161466	Trmt2b	0	Q8BQJ6	TRM2	1	1	1
NP_001161969	Plscr3	0	Q9JIZ9	PLS3	1	1	1
NP_001162130	Ccdc127	0	Q3TC33	CC127	1	1	1
NP_001164062	Nfu1	0	Q9QZ23	NFU1	0.99609375	1	1
NP_001164256	Mthfd1l	0	Q3V3R1	C1TM	1	1	1
NP_001165583	Dhrs7b	0	Q99J47	DRS7B	1	1	1
NP_001166032	Sphk2	0	Q9JIA7	SPHK2	1	1	1
NP_001167018	Taz	0	Q91WF0	TAZ	0.996197718631179	1	1
NP_001170873	Cebpzos	0	Q8BTE5	CEBOS	1	1	1
NP_001171043	Slc25a13	0	Q9QXX4	CMC2	0.998520710059172	1	1
NP_001171047	Slc25a22	0	Q9D6M3	GHC1	1	1	1
NP_001171066	Slc8b1	0	Q925Q3	NCLX	1	1	0.851449275362319
NP_001171073	Ak4	0	Q9WUR9	KAD4	1	1	1
NP_001171129	Mrpl15	0	Q9CPR5	RM15	1	1	1
NP_001171449	Acsm2	0	Q8K0L3	ACSM2	0.991379310344828	1	1
NP_001171483	Sfxn3	0	Q91V61	SFXN3	0.897196261682243	1	1
NP_001177193	Mrps36	0	Q9CQX8	KGD4	0.980392156862745	1	1
NP_001177251	Chchd7	0	Q8K2Q5	CHCH7	1	1	1
NP_001177286	Naxd	0	Q9CZ42	NNRD	1	1	0.960244648318043
NP_001177366	Abhd11	0	Q8K4F5	ABHDB	1	1	1
NP_001177419	Dmpk	0	P54265	DMPK	0.958795562599049	1	1
NP_001182173	Pet100	0	P0DJE0	PT100	1	1	1
NP_001185927	Vdac3	0	Q60931	VDAC3	0.996478873239437	1	1
NP_001185949	Angel2	0	Q8K1C0	ANGE2	1	1	1
NP_001186051	Ghitm	0	Q91VC9	GHITM	1	1	1
NP_001186106	Opa1	0	P58281	OPA1	0.98159509202454	1	1
NP_001186225	Acly	0	Q91V92	ACLY	0.990917347865577	1	1
NP_001186267	Apoo	0	Q9DCZ4	MIC26	1	1	1
NP_001193311	Mavs	0	Q8VCF0	MAVS	1	1	1
NP_001229287	Trnt1	0	Q8K1J6	TRNT1	1	1	1
NP_001229336	Miga2	0	Q8BK03	MIGA2	1	1	1
NP_001229509	Nit1	0	Q8VDK1	NIT1	1	1	1
NP_001229981	Bcat2	0	O35855	BCAT2	1	1	1
NP_001239023	Etfbkmt	0	Q80ZM3	ETKMT	1	1	1
NP_001239149	Nbr1	0	P97432	NBR1	1	1	1
NP_001239211	Ogdh	0	Q60597	ODO1	0.985549132947977	1	1
NP_001239245	Shmt2	0	Q9CZN7	GLYM	0.994047619047619	1	1
NP_001239313	Slc25a19	0	Q9DAM5	TPC	1	1	1
NP_001239399	Cpt1c	0	Q8BGD5	CPT1C	1	1	1
NP_001239418	Osbpl1a	0	Q91XL9	OSBL1	1	1	1
NP_001239484	Gstz1	0	Q9WVL0	MAAI	1	1	1
NP_001239611	Dhx30	0	Q99PU8	DHX30	1	1	1
NP_001240319	Mtfr1	0	Q99MB2	MTFR1	1	1	1
NP_001240610	Immt	0	Q8CAQ8	MIC60	0.985468956406869	1	1
NP_001240641	Msra	0	Q9D6Y7	MSRA	1	1	1
NP_001240797	Tmem205	0	Q91XE8	TM205	1	1	1
NP_001240826	Ecsit	0	Q9QZH6	ECSIT	0.997701149425287	0.997701149425287	1
NP_001241683	Echdc2	0	Q3TLP5	ECHD2	1	1	1
NP_001243029	Mtif3	0	Q9CZD5	IF3M	1	1	1
NP_001243041	Mtfr1l	0	Q9CWE0	MFR1L	1	1	1
NP_001258331	Ephx2	0	P34914	HYES	1	1	1
NP_001258372	Ndufs8	0	Q8K3J1	NDUS8	1	1	1
NP_001258392	Gfm2	0	Q8R2Q4	RRF2M	1	1	1
NP_001258653	Surf1	0	P09925	SURF1	0.96078431372549	1	1
NP_001263394	Vps13d	0	B1ART2	B1ART2	0.999772209567198	1	1
NP_001263639	Agxt	0	O35423	SPYA	1	1	1
NP_001264225	Adck1	0	Q9D0L4	ADCK1	1	1	1
NP_001265344	Ndufv2	0	Q9D6J6	NDUV2	1	1	1
NP_001269047	Mtif2	0	Q91YJ5	IF2M	1	1	1
NP_001271338	Casp3	0	P70677	CASP3	1	1	1
NP_001272382	Bad	0	Q61337	BAD	1	1	1
NP_001272713	Pars2	0	Q8CFI5	SYPM	1	1	1
NP_001272768	Osgepl1	0	Q6PEB4	OSGL1	1	1	1
NP_001272830	Eri3	0	Q8C460	ERI3	1	1	1
NP_001272849	Mfn2	0	Q80U63	MFN2	1	1	1
NP_001272888	Lyrm1	0	Q9CQB7	LYRM1	1	1	1
NP_001272911	Antkmt	0	Q501J2	ANKMT	1	1	1
NP_001276483	Styxl1	0	Q9DAR2	Q9DAR2	1	1	1
NP_001276492	Mpv17l	0	Q99MS3	MP17L	1	1	1
NP_001276524	Slc25a40	0	Q8BGP6	S2540	1	1	1
NP_001276559	Mgme1	0	Q9CXC3	MGME1	1	1	1
NP_001276645	Bcl2l1	0	Q64373	B2CL1	1	1	1
NP_001276727	Hadhb	0	Q99JY0	ECHB	1	1	1
NP_001276777	Cox6b2	0	Q80ZN9	CX6B2	1	1	1
NP_001295354	Pigbos1	0	A0A5F8MPY0	A0A5F8MPY0	1	1	1
NP_031407	Acadl	0	P51174	ACADL	0.993023255813953	0.993023255813953	1
NP_031408	Acadm	0	P45952	ACADM	1	1	1
NP_031409	Acads	0	Q07417	ACADS	1	1	1
NP_031461	Abcd1	0	P48410	ABCD1	1	1	1
NP_031463	Aldh3a2	0	P47740	AL3A2	1	1	1
NP_031476	Slc25a4	0	P48962	ADT1	1	1	1
NP_031477	Slc25a5	0	P51881	ADT2	1	1	1
NP_031478	Prdx3	0	P20108	PRDX3	1	1	1
NP_031479	Prdx6	0	O08709	PRDX6	0.995535714285714	0.995535714285714	1
NP_031506	Arf5	0	P84084	ARF5	1	1	1
NP_031531	Atp5a1	0	Q03265	ATPA	1	1	1
NP_031533	Atp5k	0	Q06185	ATP5I	1	1	1
NP_031538	Atpif1	0	O35143	ATIF1	1	1	1
NP_031549	Bak1	0	O08734	BAK	1	1	1
NP_031553	Bax	0	Q07813	BAX	1	1	1
NP_031557	Phb2	0	O35129	PHB2	1	1	1
NP_031559	Bckdha	0	P50136	ODBA	0.993212669683258	0.993212669683258	0.991031390134529
NP_031562	Bcl2a1d	0	O55179	O55179	1	1	1
NP_031563	Bcl2l2	0	P70345	B2CL2	1	1	1
NP_031570	Bid	0	P70444	BID	1	1	1
NP_031572	Bik	0	O70337	BIK	1	1	1
NP_031599	C1qbp	0	O35658	C1QBP	0.989247311827957	0.992805755395683	1
NP_031634	Car5a	0	P23589	CAH5A	1	1	1
NP_031647	Cbr2	0	P08074	CBR2	1	1	1
NP_031773	Cox5a	0	P12787	COX5A	1	1	1
NP_031774	Cox6a1	0	P43024	CX6A1	1	1	0.991071428571429
NP_031775	Cox7c	0	P17665	COX7C	1	1	1
NP_031776	Cox8a	0	Q64445	COX8A	1	1	1
NP_031777	Cox8b	0	P48772	COX8B	1	1	1
NP_031783	Cpox	0	P36552	HEM6	1	1	1
NP_031786	Crat	0	P47934	CACP	1	1	1
NP_031797	Cry1	0	P97784	CRY1	1	1	1
NP_031834	Cycs	0	P62897	CYC	1	1	1
NP_031856	Dbi	0	P31786	ACBP	1	1	1
NP_031887	Dld	0	O08749	DLDH	1	1	1
NP_031957	Endog	0	O08600	NUCG	1	1	1
NP_032007	Acsl1	0	P41216	ACSL1	1	1	1
NP_032014	Fasn	0	P19096	FAS	1	1	1
NP_032022	Fdx1	0	P46656	ADX	1	1	1
NP_032023	Fdxr	0	Q61578	ADRO	1	1	1
NP_032024	Fech	0	P22315	HEMH	1	1	1
NP_032070	Fxn	0	O35943	FRDA	1	1	1
NP_032121	Nipsnap2	0	O55126	NIPS2	0.98576512455516	0.98576512455516	1
NP_032159	Glud1	0	P26443	DHE3	1	1	1
NP_032175	Gpam	0	Q61586	GPAT1	1	1	1
NP_032186	Gpx1	0	P11352	GPX1	1	1	1
NP_032188	Gpx4	0	O70325	GPX4	1	1	1
NP_032238	Hadh	0	Q61425	HCDH	1	1	1
NP_032248	Hccs	0	P53702	CCHL	1	1	1
NP_032274	Hint1	0	P70349	HINT1	1	1	1
NP_032275	Tfb2m	0	Q3TL26	TFB2M	1	1	1
NP_032280	Hmgcl	0	P38060	HMGCL	1	1	1
NP_032282	Hmgcs2	0	P54869	HMCS2	1	1	1
NP_032313	Rida	0	P52760	RIDA	1	1	1
NP_032318	Hsd17b4	0	P51660	DHB4	1	1	1
NP_032329	Hspe1	0	Q64433	CH10	1	1	1
NP_032349	Idh3g	0	P70404	IDHG1	1	1	1
NP_032418	Acod1	0	P54987	IRG1	0.997950819672131	0.997950819672131	1
NP_032518	Ldhb	0	P16125	LDHB	1	1	1
NP_032563	Amacr	0	O09174	AMACR	1	1	1
NP_032588	Mcl1	0	P97287	MCL1	1	1	1
NP_032643	Mdh2	0	P08249	MDHM	1	1	1
NP_032648	Mpv17	0	P19258	MPV17	1	1	1
NP_032664	Mthfd2	0	P18155	MTDC	1	1	1
NP_032676	Mmut	0	P16332	MUTA	1	1	1
NP_032724	Nipsnap1	0	O55125	NIPS1	1	1	1
NP_032736	Nnt	0	Q61941	NNTM	0.998158379373849	0.998158379373849	1
NP_032769	Nthl1	0	O35980	NTH	1	1	1
NP_032795	Otc	0	P11725	OTC	1	1	1
NP_032823	Pcx	0	Q05920	PYC	0.999151103565365	0.999151103565365	1
NP_032836	Pdha1	0	P35486	ODPA	1	1	1
NP_032837	Pdha2	0	P35487	ODPAT	1	1	1
NP_032857	Phb	0	P67778	PHB1	1	1	1
NP_032880	Prkaca	0	P05132	KAPCA	1	1	1
NP_032892	Lypla1	0	P97823	LYPA1	1	1	1
NP_032937	Ppox	0	P51175	PPOX	1	1	1
NP_033017	Abcd3	0	P55096	ABCD3	1	1	1
NP_033019	Pxmp2	0	P42925	PXMP2	0.974226804123711	0.979274611398964	1
NP_033026	Rab24	0	P35290	RAB24	1	1	1
NP_033101	Rpia	0	P47968	RPIA	1	1	1
NP_033217	Clpb	0	Q60649	CLPB	1	1	1
NP_033386	Tfam	0	P40630	TFAM	1	1	1
NP_033436	Top3a	0	O70157	TOP3A	1	1	1
NP_033463	Tst	0	P52196	THTR	1	1	1
NP_033489	Ucp1	0	P12242	UCP1	1	1	1
NP_033490	Ucp3	0	P56501	UCP3	1	1	1
NP_033722	Abcb7	0	Q61102	ABCB7	1	1	1
NP_033786	Aldh2	0	P47738	ALDH2	1	1	1
NP_033817	Apex1	0	P28352	APEX1	1	1	1
NP_033835	Arg2	0	O08691	ARGI2	1	1	1
NP_033855	Atp5pb	0	Q9CQQ7	AT5F1	1	1	1
NP_033861	Akr1b7	0	P21300	ALD1	1	1	1
NP_033869	Bckdk	0	O55028	BCKD	1	1	1
NP_033871	Bcl2	0	P10417	BCL2	1	1	1
NP_033890	Bnip3	0	O55003	BNIP3	1	1	1
NP_033891	Bnip3l	0	Q9Z2F7	BNI3L	1	1	1
NP_033905	Tspo	0	P50637	TSPO	1	1	1
NP_033934	Cat	0	P24270	CATA	1	1	1
NP_033964	Noct	0	O35710	NOCT	1	1	1
NP_034027	Ckmt1	0	P30275	KCRU	1	1	1
NP_034070	Coq7	0	P97478	COQ7	1	1	1
NP_034071	Cox4i1	0	P19783	COX41	1	1	1
NP_034072	Cox5b	0	P19536	COX5B	0.968992248062015	0.9765625	1
NP_034073	Cox6a2	0	P43023	CX6A2	1	1	1
NP_034074	Cox7a1	0	P56392	CX7A1	1	1	1
NP_034075	Cox7a2	0	P48771	CX7A2	1	1	1
NP_034078	Cpt1b	0	Q924X2	CPT1B	1	1	1
NP_034079	Cpt2	0	P52825	CPT2	1	1	1
NP_034098	Cryz	0	P47199	QOR	1	1	1
NP_034119	Cyct	0	P00015	CYC2	1	1	1
NP_034121	Cyp11b2	0	P15539	C11B2	1	1	0.99601593625498
NP_034126	Cyp24a1	0	Q64441	CP24A	1	1	1
NP_034139	Cyp27b1	0	O35084	CP27B	1	1	1
NP_034152	Dbt	0	P53395	ODB2	1	1	1
NP_034153	Eci1	0	P42125	ECI1	1	1	1
NP_034339	Fh1	0	P97807	FUMH	1	1	1
NP_034340	Fhit	0	O89106	FHIT	1	1	1
NP_034366	Fpgs	0	P48760	FOLC	1	1	1
NP_034369	Fth1	0	P09528	FRIH	1	1	1
NP_034397	Gdap1	0	O88741	GDAP1	1	1	1
NP_034400	Mrps33	0	Q9D2R8	RT33	1	1	1
NP_034423	Gykl1	0	Q8C635	Q8C635	1	1	1
NP_034455	Got2	0	P05202	AATM	1	1	1
NP_034474	Gsr	0	P47791	GSHR	1	1	1
NP_034607	Hspd1	0	P63038	CH60	1	1	1
NP_034611	Hspa9	0	P38647	GRP75	1	1	1
NP_034846	Lig3	0	P97386	DNLI3	0.997044334975369	1	1
NP_034856	Phyh	0	O35386	PAHX	1	1	1
NP_035015	Ndufa2	0	Q9CQ75	NDUA2	1	1	1
NP_035016	Ndufa4	0	Q62425	NDUA4	1	1	1
NP_035017	Ndufs4	0	Q9CXZ1	NDUS4	0.994285714285714	0.994285714285714	1
NP_035018	Ndufs6	0	P52503	NDUS6	1	1	1
NP_035041	Nfs1	0	Q9Z1J3	NFS1	1	1	1
NP_035052	Mrpl40	0	Q9Z2Q5	RM40	1	1	1
NP_035087	Ogg1	0	O08760	OGG1	1	1	1
NP_035259	Septin4	0	P28661	SEPT4	1	1	1
NP_035260	Polb	0	Q8K409	DPOLB	1	1	1
NP_035302	Prodh	0	Q9WU79	PROD	1	1	1
NP_035405	Rnaseh1	0	O70338	RNH1	0.989473684210526	0.989473684210526	1
NP_035418	Mrpl23	0	O35972	RM23	1	1	1
NP_035457	Scp2	0	P32020	SCP2	1	1	1
NP_035564	Sod1	0	P08228	SODC	1	1	1
NP_035597	Spr	0	Q64105	SPRE	0.996168582375479	0.996168582375479	0.99618320610687
NP_035609	Sptlc2	0	P97363	SPTC2	1	1	1
NP_035615	Star	0	P51557	STAR	1	1	1
NP_035636	Sucla2	0	Q9Z2I9	SUCB1	1	1	1
NP_035637	Suclg2	0	Q9Z2I8	SUCB2	1	1	1
NP_035693	Prdx2	0	Q61171	PRDX2	1	1	1
NP_035720	Timm17a	0	Q9Z0V8	TI17A	1	1	1
NP_035721	Timm17b	0	Q9Z0V7	TI17B	1	1	1
NP_035722	Timm44	0	O35857	TIM44	1	1	1
NP_035801	Ucp2	0	P70406	UCP2	1	1	1
NP_035824	Vdac1	0	Q60932	VDAC1	1	1	1
NP_035825	Vdac2	0	Q60930	VDAC2	1	1	1
NP_035964	Aadat	0	Q9WVM8	AADAT	1	1	1
NP_036015	Mrps12	0	O35680	RT12	1	1	1
NP_036051	Aldh1a7	0	O35945	AL1A7	1	1	1
NP_036124	Abcd2	0	Q61285	ABCD2	1	1	1
NP_036149	Aifm1	0	Q9Z0X1	AIFM1	1	1	1
NP_036151	Prdx5	0	P99029	PRDX5	1	1	1
NP_038507	Bcl2l10	0	Q9Z0F3	B2L10	1	1	1
NP_038523	Cpt1a	0	P97742	CPT1A	1	1	1
NP_038543	Stom	0	P54116	STOM	1	1	1
NP_038571	H2-Ke6	0	P50171	DHB8	1	1	1
NP_038574	Hebp1	0	Q9R257	HEBP1	1	1	1
NP_038632	Mtx1	0	P47802	MTX1	0.996845425867508	0.996845425867508	0.68763557483731
NP_038699	Sod2	0	P09671	SODM	1	1	1
NP_038739	Txnrd2	0	Q9JLT4	TRXR2	1	1	0.994307400379507
NP_038771	Pdk4	0	O70571	PDK4	1	1	1
NP_038798	Slc25a10	0	Q9QZD8	DIC	1	1	1
NP_038799	Yme1l1	0	O88967	YMEL1	1	1	1
NP_038823	Atp5l	0	Q9CPQ8	ATP5L	1	1	1
NP_038875	Gcat	0	O88986	KBL	1	1	1
NP_038923	Timm13	0	P62075	TIM13	1	1	1
NP_038925	Timm8b	0	P62077	TIM8B	1	1	1
NP_038926	Timm8a1	0	Q9WVA2	TIM8A	1	1	1
NP_038927	Timm10	0	P62073	TIM10	1	1	1
NP_038958	Aass	0	Q99K67	AASS	1	1	1
NP_056548	Casp9	0	Q8C3Q9	CASP9	1	1	1
NP_056555	Bloc1s1	0	O55102	BL1S1	1	1	1
NP_056625	Polg2	0	Q9QZM2	DPOG2	1	1	1
NP_057903	Prkn	0	Q9WVS6	PRKN	1	1	1
NP_057918	Auh	0	Q9JLZ3	AUHM	0.993630573248408	0.993630573248408	1
NP_058035	Atp5j	0	P97450	ATP5J	1	1	1
NP_058043	Hsd17b10	0	O08756	HCD2	0.984674329501916	0.984674329501916	1
NP_058044	Prdx4	0	O08807	PRDX4	1	1	1
NP_058052	Ech1	0	O35459	ECH1	1	1	1
NP_058054	Atp5b	0	P56480	ATPB	1	1	1
NP_058058	Bok	0	O35425	BOK	1	1	1
NP_058084	Mtx2	0	O88441	MTX2	1	1	1
NP_058566	Acsm3	0	Q3UNX5	ACSM3	1	1	1
NP_058593	Timm23	0	Q9WTQ8	TIM23	0.990430622009569	0.990430622009569	1
NP_058614	Nudt5	0	Q9JKX6	NUDT5	1	1	1
NP_058674	Oat	0	P29758	OAT	1	1	1
NP_059062	Acadvl	0	P50544	ACADV	1	1	1
NP_059089	Clpp	0	O88696	CLPP	1	1	1
NP_059095	Fabp1	0	P12710	FABPL	1	1	1
NP_059100	Mrpl39	0	Q9JKF7	RM39	1	1	1
NP_059490	Polg	0	P54099	DPOG1	0.980295566502463	0.981101068200493	1
NP_061227	Nme6	0	O88425	NDK6	1	1	1
NP_061289	Mpc1	0	P63030	MPC1	1	1	1
NP_061376	Uqcc1	0	Q9CWU6	UQCC1	1	1	1
NP_062308	Ndufb11	0	O09111	NDUBB	1	1	1
NP_062310	Rfk	0	Q8CFV9	RIFK	1	1	1
NP_062316	Ndufa1	0	O35683	NDUA1	1	1	1
NP_062374	Pdss1	0	Q33DR2	DPS1	1	1	1
NP_062375	Timm10b	0	Q9WV96	T10B	1	1	1
NP_062418	Hao2	0	Q9NYQ2	HAOX2	1	1	1
NP_062419	Prodh2	0	Q8VCZ9	HYPDH	1	1	1
NP_062425	Abcb10	0	Q9JI39	ABCBA	1	1	1
NP_062668	Letm1	0	Q9Z2I0	LETM1	1	1	1
NP_062672	Aldh18a1	0	Q9Z110	P5CS	1	1	1
NP_062696	Arl2	0	Q9D0J4	ARL2	1	1	1
NP_062704	Nme3	0	Q9WV85	NDK3	1	1	1
NP_062705	Nme4	0	Q9WV84	NDKM	1	1	1
NP_062710	Acot9	0	Q9R0X4	ACOT9	1	1	1
NP_062726	Htra2	0	Q9JIY5	HTRA2	1	1	1
NP_062732	Mtch2	0	Q791V5	MTCH2	1	1	1
NP_062750	Snd1	0	Q78PY7	SND1	1	1	1
NP_062753	Cyp11a1	0	Q9QZ82	CP11A	1	1	1
NP_062774	Acp6	0	Q8BP40	PPA6	1	1	1
NP_062788	Higd1a	0	Q9JLR9	HIG1A	1	1	1
NP_062792	Timm22	0	Q9CQ85	TIM22	1	1	1
NP_062800	Ivd	0	Q9JHI5	IVD	1	1	1
NP_062810	Noa1	0	Q9JJG9	NOA1	1	1	1
NP_063932	Suclg1	0	Q9WUM5	SUCA	1	1	1
NP_063933	Mtch1	0	Q791T5	MTCH1	1	1	1
NP_064297	Txn2	0	P97493	THIOM	1	1	1
NP_064305	Akap10	0	O88845	AKA10	1	1	1
NP_064330	Mgst1	0	Q91VS7	MGST1	1	1	1
NP_064350	Mlycd	0	Q99J39	DCMC	1	1	1
NP_064377	Aldh9a1	0	Q9JLJ2	AL9A1	1	1	0.953667953667954
NP_064426	Mocs1	0	Q5RKZ7	MOCS1	1	1	1
NP_064430	Dhodh	0	O35435	PYRD	1	1	1
NP_065266	Slc25a20	0	Q9Z2Z6	MCAT	1	1	1
NP_065582	Cmpk2	0	Q3U5Q7	CMPK2	1	1	1
NP_065584	Alas1	0	Q8VC19	HEM1	1	1	1
NP_065585	Mrps31	0	Q61733	RT31	1	1	1
NP_065591	Dnajc4	0	Q9D844	DNJC4	1	1	1
NP_065594	Park7	0	Q99LX0	PARK7	1	1	1
NP_065607	Atp5j2	0	P56135	ATPK	1	1	1
NP_066356	Tk2	0	Q9R088	KITM	0.992592592592593	0.992592592592593	1
NP_067271	Grpel2	0	O88396	GRPE2	1	1	1
NP_067274	Ak3	0	Q9WTP7	KAD3	1	1	1
NP_067426	Pmaip1	0	Q9JM54	APR	1	1	1
NP_067509	Pxmp4	0	Q9JJW0	PXMP4	1	1	1
NP_067531	Mrps30	0	Q9D0G0	RT30	1	1	1
NP_068359	Myg1	0	Q9JK81	MYG1	1	1	1
NP_068688	Qtrt1	0	Q9JMA2	TGT	1	1	1
NP_071316	Oxct2a	0	Q9JJN4	SCO2A	1	1	1
NP_071708	Eral1	0	Q9CZU4	ERAL1	1	1	1
NP_073727	Acot10	0	Q32MW3	ACO10	1	1	1
NP_075364	Nif3l1	0	Q9EQ80	NIF3L	1	1	1
NP_075370	Dap3	0	Q9ER88	RT29	1	1	0.987373737373737
NP_075527	Gfer	0	P56213	ALR	1	1	1
NP_075643	Ethe1	0	Q9DCM0	ETHE1	1	1	1
NP_075656	Mrpl4	0	Q9DCU6	RM04	1	1	1
NP_075661	Ndufb9	0	Q9CQJ8	NDUB9	1	1	1
NP_075664	Nit2	0	Q9JHW2	NIT2	1	1	1
NP_075691	Ndufa7	0	Q9Z1P6	NDUA7	1	1	1
NP_075700	Atp5md	0	Q78IK2	ATPMK	1	1	1
NP_075718	Fastk	0	Q9JIX9	FASTK	0.998043052837573	0.998043052837573	0.937614678899083
NP_075720	Stoml2	0	Q99JB2	STML2	1	1	1
NP_075721	Diablo	0	Q9JIQ3	DBLOH	1	1	1
NP_075736	Ndufaf3	0	Q9JKL4	NDUF3	1	1	1
NP_075749	Mrps34	0	Q9JIK9	RT34	1	1	1
NP_075770	Sdha	0	Q8K2B3	SDHA	1	1	1
NP_075801	Ndufa13	0	Q9ERS2	NDUAD	1	1	1
NP_075820	Mrpl46	0	Q9EQI8	RM46	1	1	1
NP_075837	Snap29	0	Q9ERB0	SNP29	1	1	1
NP_075863	Sdhb	0	Q9CQA3	SDHB	1	1	1
NP_075968	Elac2	0	Q80Y81	RNZ2	1	1	1
NP_075969	Fahd1	0	Q8R0F8	FAHD1	1	1	1
NP_076003	Mrps9	0	Q9D7N3	RT09	1	1	1
NP_076027	Agk	0	Q9ESW4	AGK	1	1	1
NP_076084	Dut	0	Q9CQ43	DUT	1	1	1
NP_076126	Sars2	0	Q9JJL8	SYSM	1	1	1
NP_076133	Mccc1	0	Q99MR8	MCCA	1	1	1
NP_076135	Dnaja3	0	Q99M87	DNJA3	1	1	1
NP_076186	Rdh14	0	Q9ERI6	RDH14	1	1	1
NP_076221	Abcb6	0	Q9DC29	ABCB6	1	1	1
NP_076222	Crot	0	Q9DC50	OCTC	1	1	1
NP_076226	Ehhadh	0	Q9DBM2	ECHP	1	1	1
NP_077128	Chchd2	0	Q9D1L0	CHCH2	1	1	1
NP_077136	Mrps23	0	Q8VE22	RT23	1	1	1
NP_077139	Mrpl38	0	Q8K2M0	RM38	1	1	1
NP_077141	Dele1	0	Q9DCV6	DELE1	1	1	1
NP_077150	Oxct1	0	Q9D0K2	SCOT1	1	1	1
NP_077159	Ndufa10	0	Q99LC3	NDUAA	1	1	1
NP_077162	Mfn1	0	Q811U4	MFN1	1	1	1
NP_077170	Echdc3	0	Q9D7J9	ECHD3	1	1	1
NP_077173	Slc25a11	0	Q9CR62	M2OM	1	1	1
NP_077176	Tomm20	0	Q9DCC8	TOM20	1	1	1
NP_077182	Ndufc2	0	Q9CQ54	NDUC2	1	1	1
NP_077183	Pdhb	0	Q9D051	ODPB	1	1	1
NP_077189	Mrpl28	0	Q9D1B9	RM28	1	1	1
NP_077195	Rexo2	0	Q9D8S4	ORN	1	1	1
NP_077198	Qdpr	0	Q8BVI4	DHPR	1	1	1
NP_077210	Cars2	0	Q8BYM8	SYCM	0.998188405797101	1	1
NP_077217	Hsdl2	0	Q2TPA8	HSDL2	1	1	1
NP_077219	Hdhd3	0	Q9CYW4	HDHD3	1	1	1
NP_077226	Cyp27a1	0	Q9DBG1	CP27A	1	1	1
NP_077235	Timmdc1	0	Q8BUY5	TIDC1	1	1	1
NP_077246	Hagh	0	Q99KB8	GLO2	0.996763754045307	0.996763754045307	1
NP_077754	Lap3	0	Q9CPY7	AMPL	1	1	1
NP_077791	Lias	0	Q99M04	LIAS	1	1	1
NP_077798	Grpel1	0	Q99LP6	GRPE1	1	1	1
NP_079568	Synj2bp	0	Q9D6K5	SYJ2B	1	1	1
NP_079573	Mecr	0	Q9DCS3	MECR	1	1	1
NP_079577	Mrpl17	0	Q9D8P4	RM17	1	1	1
NP_079578	Mrpl2	0	Q9D773	RM02	1	1	1
NP_079581	Mrps7	0	Q80X85	RT07	1	1	1
NP_079589	Atp5d	0	Q9D3D9	ATPD	1	1	1
NP_079592	Ndufb5	0	Q9CQH3	NDUB5	1	1	1
NP_079593	Mrpl54	0	Q9CPW3	RM54	1	1	1
NP_079597	Sdhc	0	Q9CZB0	C560	1	1	1
NP_079609	Sdhaf2	0	Q8C6I2	SDHF2	1	1	1
NP_079612	Chchd3	0	Q9CRB9	MIC19	1	1	1
NP_079613	Akr7a5	0	Q8CG76	ARK72	1	1	1
NP_079614	Aurkaip1	0	Q9DCJ7	AKIP	1	1	1
NP_079619	Rmnd1	0	Q8CI78	RMND1	1	1	1
NP_079624	Ndufa3	0	Q9CQ91	NDUA3	1	1	1
NP_079628	Uqcrq	0	Q9CQ69	QCR8	1	1	1
NP_079634	Ndufa9	0	Q9DC69	NDUA9	1	1	1
NP_079638	Dnajc30	0	P59041	DJC30	1	1	1
NP_079639	Fmc1	0	Q9CR13	FMC1	1	1	1
NP_079642	Chchd1	0	Q9CQA6	CHCH1	1	1	1
NP_079649	Prorp	0	Q8JZY4	MRPP3	1	1	1
NP_079655	Cox7b	0	P56393	COX7B	1	1	1
NP_079660	Dnajc15	0	Q78YY6	DJC15	1	1	1
NP_079663	Tmem14c	0	Q9CQN6	TM14C	1	1	1
NP_079670	Tomm7	0	Q9D173	TOM7	1	1	1
NP_079671	Chchd5	0	Q9CQP3	CHCH5	1	1	1
NP_079683	Uqcrc1	0	Q9CZ13	QCR1	1	1	1
NP_079690	Myo19	0	Q5SV80	MYO19	1	1	1
NP_079692	Them5	0	Q9CQJ0	THEM5	1	1	1
NP_079706	Mrpl35	0	Q9CQL6	RM35	1	1	1
NP_079710	Mrps28	0	Q9CY16	RT28	1	1	1
NP_079716	Mrps16	0	Q9CPX7	RT16	1	1	1
NP_079726	Mrps17	0	Q9CQE3	RT17	1	1	1
NP_079736	Tmem126a	0	Q9D8Y1	T126A	1	1	1
NP_079737	Cox16	0	Q9CR63	COX16	1	1	1
NP_079747	Smim8	0	Q9CQQ0	SMIM8	1	1	1
NP_079750	Mrps14	0	Q9CR88	RT14	1	1	1
NP_079752	Rmdn1	0	Q9DCV4	RMD1	1	1	1
NP_079761	Mrps22	0	Q9CXW2	RT22	1	1	1
NP_079776	Mrpl37	0	Q921S7	RM37	1	1	1
NP_079780	Dmac2	0	Q9D7K5	DMAC2	1	1	0.980544747081712
NP_079787	Cox20	0	Q9D7J4	COX20	1	1	1
NP_079794	Dus2	0	Q9D7B1	DUS2L	1	1	1
NP_079799	Ndufc1	0	Q9CQY9	NDUC1	1	1	1
NP_079802	Iscu	0	Q9D7P6	ISCU	1	1	1
NP_079805	Nudt8	0	Q9CR24	NUDT8	1	1	1
NP_079807	Prelid3b	0	Q9CYY7	PLD3B	1	1	1
NP_079813	Tsfm	0	Q9CZR8	EFTS	1	1	1
NP_079814	Alkbh7	0	Q9D6Z0	ALKB7	1	1	1
NP_079815	Nudt2	0	P56380	AP4A	1	1	1
NP_079820	Mrps15	0	Q9DC71	RT15	1	1	1
NP_079823	Mterf3	0	Q8R3J4	MTEF3	1	1	1
NP_079827	Ndufa12	0	Q7TMF3	NDUAC	1	1	0.973154362416107
NP_079829	Mrpl11	0	Q9CQF0	RM11	1	1	1
NP_079834	Cyb5b	0	Q9CQX2	CYB5B	1	1	1
NP_079836	Oxld1	0	Q9CR10	OXLD1	1	1	1
NP_079838	Fis1	0	Q9CQ92	FIS1	1	1	1
NP_079843	Cyc1	0	Q9D0M3	CY1	1	1	1
NP_079845	Mgst3	0	Q9CPU4	MGST3	1	1	1
NP_079846	Mrpl20	0	Q9CQL4	RM20	1	1	1
NP_079847	Pam16	0	Q9CQV1	TIM16	1	1	1
NP_079850	Pyurf	0	Q9D1C3	PREY	1	1	1
NP_079852	Ptpmt1	0	Q66GT5	PTPM1	1	1	0.739463601532567
NP_079854	Mrps25	0	Q9D125	RT25	1	1	1
NP_079866	Acot11	0	Q8VHQ9	ACO11	1	1	1
NP_079867	Fam136a	0	Q9CR98	F136A	1	1	1
NP_079871	Mrpl51	0	Q9CPY1	RM51	1	1	1
NP_079872	Prelid1	0	Q8R107	PRLD1	1	1	1
NP_079873	Ndufb3	0	Q9CQZ6	NDUB3	1	1	1
NP_079882	Mrpl16	0	Q99N93	RM16	1	1	1
NP_079892	Timm50	0	Q9D880	TIM50	1	1	1
NP_079899	Nipsnap3b	0	Q9CQE1	NPS3B	1	1	1
NP_079904	Cox6b1	0	P56391	CX6B1	1	1	1
NP_079909	Metap1d	0	Q9CPW9	MAP12	1	1	1
NP_079917	Uqcrh	0	P99028	QCR6	1	1	1
NP_079926	Uqcr11	0	Q9CPX8	QCR10	1	1	1
NP_079949	Golph3	0	Q9CRA5	GOLP3	1	1	1
NP_079965	Ccdc51	0	Q3URS9	MITOK	1	1	1
NP_079984	Tmem186	0	Q9CR76	TM186	1	1	1
NP_079986	Uqcrfs1	0	Q9CR68	UCRI	1	1	1
NP_079992	Spryd4	0	Q91WK1	SPRY4	1	1	1
NP_080055	Mcub	0	Q810S1	MCUB	1	1	1
NP_080060	Bcs1l	0	Q9CZP5	BCS1	1	1	1
NP_080066	Acot13	0	Q9CQR4	ACO13	1	1	1
NP_080070	Etfdh	0	Q921G7	ETFD	1	1	1
NP_080072	Mrpl33	0	Q9CQP0	RM33	1	1	1
NP_080074	Hint3	0	Q9CPS6	HINT3	1	1	1
NP_080102	Acadsb	0	Q9DBL1	ACDSB	1	1	1
NP_080111	Pccb	0	Q99MN9	PCCB	1	1	1
NP_080119	Ndufb7	0	Q9CR61	NDUB7	1	1	1
NP_080124	Sdhd	0	Q9CXV1	DHSD	1	1	1
NP_080125	Dmac1	0	Q9CQ00	DMAC1	1	1	1
NP_080138	Acad8	0	Q9D7B6	ACAD8	0.997578692493947	0.997578692493947	1
NP_080149	Trit1	0	Q80UN9	MOD5	1	1	1
NP_080152	Cdk5rap1	0	Q8BTW8	CK5P1	1	1	1
NP_080153	Slc25a23	0	Q6GQS1	SCMC3	1	1	1
NP_080154	Mrps18b	0	Q99N84	RT18B	1	1	1
NP_080175	Uqcrc2	0	Q9DB77	QCR2	1	1	1
NP_080185	Oma1	0	Q9D8H7	OMA1	1	1	1
NP_080188	Fam210b	0	Q9D8B6	F210B	1	1	1
NP_080203	Mrpl45	0	Q9D0Q7	RM45	1	1	1
NP_080209	Higd2a	0	Q9CQJ1	HIG2A	1	1	1
NP_080215	Paics	0	Q9DCL9	PUR6	1	1	1
NP_080237	Gatm	0	Q9D964	GATM	1	1	1
NP_080245	Timm21	0	Q8CCM6	TIM21	1	1	1
NP_080259	Atp5e	0	P56382	ATP5E	1	1	1
NP_080263	Ndufa6	0	Q9CQZ5	NDUA6	1	1	1
NP_080272	Tomm34	0	Q9CYG7	TOM34	0.98705501618123	0.98705501618123	1
NP_080286	Lipt2	0	Q9D009	LIPT2	1	1	1
NP_080305	Glod4	0	Q9CPV4	GLOD4	1	1	1
NP_080310	Armc10	0	Q9D0L7	ARM10	1	1	1
NP_080311	Mrpl55	0	Q9CZ83	RM55	1	1	1
NP_080337	Ndufb8	0	Q9D6J5	NDUB8	1	1	1
NP_080339	Uqcc2	0	Q9CQY6	UQCC2	1	1	1
NP_080341	Mrpl42	0	Q9CPV3	RM42	1	1	1
NP_080356	Mrps24	0	Q9CQV5	RT24	1	1	1
NP_080400	Rab5if	0	Q9CQT9	RCAF1	1	1	1
NP_080402	Fundc2	0	Q9D6K8	FUND2	1	1	1
NP_080416	Ears2	0	Q9CXJ1	SYEM	1	1	1
NP_080428	Hoga1	0	Q9DCU9	HOGA1	1	1	1
NP_080430	Mrpl10	0	Q3TBW2	RM10	1	1	1
NP_080433	Mtpap	0	Q9D0D3	PAPD1	1	1	1
NP_080440	Pnpla8	0	Q8K1N1	PLPL8	1	1	1
NP_080441	Slc25a46	0	Q9CQS4	S2546	1	1	1
NP_080448	Decr1	0	Q9CQ62	DECR	1	1	1
NP_080495	Uqcrb	0	Q9D855	QCR7	0.990990990990991	0.990990990990991	1
NP_080508	Slc25a30	0	Q9CR58	KMCP1	1	1	1
NP_080522	Mrpl49	0	Q9CQ40	RM49	1	1	1
NP_080531	Slc25a26	0	Q5U680	SAMC	1	1	1
NP_080562	Ftmt	0	Q9D5H4	FTMT	1	1	1
NP_080586	Mrpl18	0	Q9CQL5	RM18	1	1	1
NP_080607	Slc25a37	0	Q920G8	MFRN1	1	1	1
NP_080608	Dnajc19	0	Q9CQV7	TIM14	1	1	1
NP_080617	Nudt13	0	Q8JZU0	NUD13	1	1	1
NP_080619	Stx17	0	Q9D0I4	STX17	1	1	1
NP_080634	Mgarp	0	Q8VI64	HUMMR	1	1	1
NP_080638	Plgrkt	0	Q9D3P8	PLRKT	1	1	1
NP_080665	Poldip2	0	Q91VA6	PDIP2	1	1	1
NP_080668	Tmem70	0	Q921N7	TMM70	0.996062992125984	1	1
NP_080677	Mrpl57	0	Q9CQF8	RT63	1	1	1
NP_080687	Mtres1	0	Q9CQF4	MRES1	1	1	1
NP_080698	Mrrf	0	Q9D6S7	RRFM	1	1	1
NP_080704	Dcxr	0	Q91X52	DCXR	1	1	1
NP_080718	Cmc1	0	Q9CPZ8	COXM1	1	1	1
NP_080719	Mtfp1	0	Q9CRB8	MTFP1	1	1	1
NP_080720	Cs	0	Q9CZU6	CISY	1	1	1
NP_080728	Coq9	0	Q8K1Z0	COQ9	1	1	1
NP_080744	Atp5g2	0	P56383	AT5G2	1	1	1
NP_080763	Atad1	0	Q9D5T0	ATAD1	1	1	1
NP_080766	Mrpl19	0	Q9D338	RM19	1	1	1
NP_080774	Mrps11	0	Q9DCA2	RT11	0.994764397905759	0.994764397905759	1
NP_080779	Sdhaf4	0	Q8BTE0	SDHF4	1	1	1
NP_080780	Coq5	0	Q9CXI0	COQ5	1	1	1
NP_080784	Trap1	0	Q9CQN1	TRAP1	1	1	1
NP_080786	Mrm2	0	Q9CPY0	MRM2	1	1	1
NP_080787	Coa8	0	Q9CQW7	COA8	1	1	1
NP_080788	Bphl	0	Q8R164	BPHL	1	1	1
NP_080789	Pdf	0	S4R2K0	S4R2K0	1	1	1
NP_080812	Dmac2l	0	Q9CRA7	ATP5S	1	1	1
NP_080818	Slc25a39	0	Q9D8K8	S2539	1	1	1
NP_080822	Atpsckmt	0	Q9D1Z3	ACKMT	1	1	1
NP_080827	Dcakd	0	Q8BHC4	DCAKD	1	1	1
NP_080841	Apool	0	Q78IK4	MIC27	1	1	1
NP_080848	Gcsh	0	Q91WK5	GCSH	1	1	1
NP_080867	Mrpl24	0	Q9CQ06	RM24	1	1	1
NP_080886	Ndufb4	0	Q9CQC7	NDUB4	1	1	1
NP_080888	Ndufb2	0	Q9CPU2	NDUB2	1	1	1
NP_080890	Ndufa5	0	Q9CPP6	NDUA5	1	1	1
NP_080894	Coa3	0	Q9D2R6	COA3	1	1	1
NP_080909	Mcrip2	0	Q9CQB2	MCRI2	1	1	1
NP_080920	Agpat4	0	Q8K4X7	PLCD	1	1	1
NP_080934	Mto1	0	Q923Z3	MTO1	0.998505231689088	0.998505231689088	1
NP_080960	Ndufb10	0	Q9DCS9	NDUBA	1	1	1
NP_080964	Ndufs3	0	Q9DCT2	NDUS3	1	1	1
NP_080965	Mul1	0	Q8VCM5	MUL1	1	1	1
NP_080971	Etfb	0	Q9DCW4	ETFB	1	1	1
NP_080979	Ndufa8	0	Q9DCJ5	NDUA8	1	1	1
NP_081005	Mrpl58	0	Q8R035	ICT1	0.859223300970874	1	1
NP_081008	Mrpl14	0	Q9D1I6	RM14	1	1	1
NP_081010	Tmem126b	0	Q9D1R1	T126B	1	1	1
NP_081018	Ndufaf4	0	Q9D1H6	NDUF4	1	1	1
NP_081020	Mrpl53	0	Q9D1H8	RM53	1	1	1
NP_081035	Mrpl13	0	Q9D1P0	RM13	1	1	1
NP_081044	Mrps18a	0	Q99N85	RT18A	0.994897959183674	0.994897959183674	1
NP_081064	Mthfd2l	0	D3YZG8	MTD2L	1	1	1
NP_081066	Ifi27	0	Q8C6G0	Q8C6G0	1	1	1
NP_081068	Agpat5	0	Q9D1E8	PLCE	1	1	1
NP_081095	Dhrs1	0	Q99L04	DHRS1	1	1	1
NP_081102	Mrps18c	0	Q8R2L5	RT18C	1	1	1
NP_081105	Mthfs	0	Q9D110	MTHFS	1	1	1
NP_081120	Cmc2	0	Q8K199	COXM2	1	1	1
NP_081127	Mrpl52	0	Q9D0Y8	RM52	1	1	1
NP_081134	Atp23	0	Q9CWQ3	ATP23	1	1	1
NP_081147	Hint2	0	Q9D0S9	HINT2	1	1	1
NP_081149	Ptcd2	0	Q8R3K3	PTCD2	1	1	1
NP_081156	Pink1	0	Q99MQ3	PINK1	1	1	1
NP_081170	Tamm41	0	Q3TUH1	TAM41	0.997032640949555	0.997032640949555	1
NP_081190	Smdt1	0	Q9DB10	EMRE	1	1	1
NP_081197	Isca1	0	Q9D924	ISCA1	1	1	1
NP_081209	Triap1	0	Q9D8Z2	TRIA1	1	1	1
NP_081212	Oxa1l	0	Q8BGA9	OXA1L	1	1	1
NP_081226	Ociad2	0	Q9D8W7	OCAD2	1	1	1
NP_081234	Slirp	0	Q9D8T7	SLIRP	1	1	1
NP_081241	Comtd1	0	Q8BIG7	CMTD1	1	1	1
NP_081251	Bola1	0	Q9D8S9	BOLA1	1	1	1
NP_081366	2300009A05Rik	0	Q0VG49	CO061	1	1	1
NP_081369	Ndufaf5	0	A2APY7	NDUF5	1	1	1
NP_081374	Mrpl30	0	Q9D7N6	RM30	1	1	1
NP_081399	Fastkd3	0	Q8BSN9	FAKD3	1	1	1
NP_081406	Afg3l2	0	Q8JZQ2	AFG32	1	1	1
NP_081410	Mtfmt	0	Q9D799	FMT	1	1	1
NP_081451	Ndufaf1	0	Q9CWX2	CIA30	0.996951219512195	0.996951219512195	0.993939393939394
NP_081480	Mrpl12	0	Q9DB15	RM12	1	1	1
NP_081520	Ndufa11	0	Q9D8B4	NDUAB	0.99290780141844	0.99290780141844	0.986013986013986
NP_081526	Coa7	0	Q921H9	COA7	1	1	1
NP_081551	Ptcd3	0	Q14C51	PTCD3	1	1	1
NP_081565	Nt5dc2	0	A0A2I3BR81	A0A2I3BR81	1	1	1
NP_081590	Marchf5	0	Q3KNM2	MARH5	1	1	1
NP_081600	Sfxn1	0	Q99JR1	SFXN1	1	1	1
NP_081618	Fam162a	0	Q9D6U8	F162A	1	1	1
NP_081622	Taco1	0	Q8K0Z7	TACO1	1	1	1
NP_081636	Atp5mpl	0	P56379	ATP68	1	1	1
NP_081682	Aldh1l1	0	Q8R0Y6	AL1L1	1	1	1
NP_081706	Mpc2	0	Q9D023	MPC2	1	1	1
NP_081712	Mipep	0	A6H611	MIPEP	1	1	1
NP_081736	Slc25a33	0	Q3TZX3	S2533	1	1	1
NP_081738	Wars2	0	Q9CYK1	SYWM	1	1	1
NP_081740	Prxl2a	0	Q9CYH2	PXL2A	1	1	1
NP_081846	Ldhd	0	Q7TNG8	LDHD	1	1	1
NP_081971	Oxsm	0	Q9D404	OXSM	1	1	1
NP_082048	Pdss2	0	Q33DR3	DLP1	1	1	1
NP_082066	Dhrs2	0	Q149L0	Q149L0	1	1	1
NP_082138	Atp5h	0	Q9DCX2	ATP5H	1	1	1
NP_082145	Pnpt1	0	Q8K1R3	PNPT1	1	1	1
NP_082146	Armcx3	0	Q8BHS6	ARMX3	1	1	1
NP_082172	Coasy	0	Q9DBL7	COASY	1	1	1
NP_082181	Selenoo	0	Q9DBC0	SELO	1	1	1
NP_082182	Vwa8	0	Q8CC88	VWA8	1	1	1
NP_082195	Tha1	0	Q6XPS7	Q6XPS7	1	1	1
NP_082206	Mtfr2	0	Q8VED8	MTFR2	1	1	1
NP_082221	Csl	0	Q80X68	Q80X68	1	1	1
NP_082254	Coq2	0	Q66JT7	COQ2	1	1	1
NP_082313	Acad10	0	Q8K370	ACD10	1	1	1
NP_082314	Ddx28	0	Q9CWT6	DDX28	1	1	1
NP_082316	Rpusd4	0	Q9CWX4	RUSD4	1	1	1
NP_082324	Slc25a35	0	Q5SWT3	S2535	1	1	1
NP_082334	Fundc1	0	Q9DB70	FUND1	1	1	1
NP_082339	Trmu	0	Q9DAT5	MTU1	1	1	1
NP_082396	Cep89	0	Q9CZX2	CEP89	1	1	1
NP_082453	Ndufab1	0	Q9CR21	ACPM	1	1	1
NP_082509	Lrpprc	0	Q6PB66	LPPRC	1	1	1
NP_082536	Immp1l	0	Q9CQU8	IMP1L	1	1	1
NP_082546	Aldh1b1	0	Q9CZS1	AL1B1	1	1	1
NP_082557	Pcbd2	0	Q9CZL5	PHS2	1	1	1
NP_082583	Tdrkh	0	Q80VL1	TDRKH	1	1	1
NP_082634	Ssbp1	0	Q9CYR0	SSBP	1	1	1
NP_082636	Ttc19	0	Q8CC21	TTC19	1	1	1
NP_082680	Top1mt	0	Q8R4U6	TOP1M	1	1	1
NP_082695	Glrx5	0	Q80Y14	GLRX5	1	1	1
NP_082707	Pmpcb	0	Q9CXT8	MPPB	1	1	1
NP_082805	Nipsnap3a	0	B1AWZ3	B1AWZ3	0.991902834008097	1	1
NP_082822	1700066M21Rik	0	Q9D9H8	CB069	1	1	1
NP_082887	Ndufaf7	0	Q9CWG8	NDUF7	1	1	1
NP_082902	Mcee	0	Q9D1I5	MCEE	1	1	1
NP_082919	Micu2	0	Q8CD10	MICU2	1	1	1
NP_082987	Slc25a27	0	Q9D6D0	Q9D6D0	1	1	1
NP_083048	Dmgdh	0	Q9DBT9	M2GD	1	1	1
NP_083058	Lonp1	0	Q8CGK3	LONM	1	1	1
NP_083070	Nudt9	0	Q8BVU5	NUDT9	1	1	1
NP_083108	Mterf2	0	Q8BKY8	MTEF2	1	1	1
NP_083139	Isca2	0	Q9DCB8	ISCA2	1	1	1
NP_083165	Efhd1	0	Q9D4J1	EFHD1	1	1	1
NP_083270	Pck2	0	Q8BH04	PCKGM	1	1	0.95952023988006
NP_083293	Mrpl47	0	Q8K2Y7	RM47	1	1	1
NP_083296	Abcb8	0	Q9CXJ4	MITOS	1	1	1
NP_083330	Slc25a54	0	B1AUS6	B1AUS6	1	1	1
NP_083368	Trmt10c	0	Q3UFY8	TM10C	1	1	1
NP_083503	Tomm20l	0	Q9D4V6	TO20L	1	1	1
NP_083547	Mrpl32	0	Q9DCI9	RM32	1	1	1
NP_083548	Ndufs7	0	Q9DC70	NDUS7	1	1	1
NP_083556	Mettl5	0	Q8K1A0	METL5	1	1	1
NP_083575	Spata19	0	Q9DAQ9	SPT19	1	1	1
NP_083603	Lyrm7	0	Q9DA03	LYRM7	1	1	1
NP_083629	Malsu1	0	Q9CWV0	MASU1	1	1	1
NP_083685	Mff	0	Q6PCP5	MFF	1	1	1
NP_083707	Them4	0	Q3UUI3	THEM4	1	1	1
NP_083723	Nln	0	Q91YP2	NEUL	1	1	1
NP_083831	Gstk1	0	Q9DCM2	GSTK1	1	1	1
NP_083832	Clybl	0	Q8R4N0	CLYBL	1	1	1
NP_083849	Idh3a	0	Q9D6R2	IDH3A	1	1	1
NP_083856	Trmt5	0	Q9D0C4	TRM5	1	1	1
NP_083895	Msrb2	0	Q78J03	MSRB2	1	1	1
NP_083905	Fahd2a	0	Q3TC72	FAHD2	0.996805111821086	0.996805111821086	1
NP_083921	Gatc	0	Q8CBY0	GATC	1	1	1
NP_084036	Nubpl	0	Q9CWD8	NUBPL	1	1	1
NP_084063	Cyb5r3	0	Q9DCN2	NB5R3	1	1	1
NP_084066	Mettl15	0	Q9DCL4	MET15	1	1	1
NP_084116	Tstd3	0	Q9D0B5	TSTD3	1	1	1
NP_084185	C330018D20Rik	0	Q9CWB7	YD286	1	1	1
NP_084218	Prelid2	0	Q0VBB0	PRLD2	1	1	1
NP_084232	Mmab	0	Q9D273	MMAB	1	1	1
NP_084239	Mrps5	0	Q99N87	RT05	1	1	1
NP_084253	Polq	0	Q8CGS6	DPOLQ	1	1	1
NP_084302	Mccc2	0	Q3ULD5	MCCB	1	1	1
NP_084386	Micu3	0	Q9CTY5	MICU3	1	1	1
NP_084392	Mrpl9	0	Q99N94	RM09	1	1	1
NP_084413	Cstad	0	Q9D245	Q9D245	1	1	1
NP_084501	Dlst	0	Q9D2G2	ODO2	1	1	1
NP_109642	Lactb	0	Q9EP89	LACTB	1	1	1
NP_112419	Ide	0	Q9JHR7	IDE	0.995093228655545	0.995093228655545	1
NP_113552	Ngrn	0	Q99KS2	NGRN	1	1	1
NP_115933	Gtpbp3	0	Q923K4	GTPB3	1	1	1
NP_149071	Nudt19	0	P11930	NUD19	1	1	1
NP_291050	Rcc1l	0	Q9CYF5	RCC1L	1	1	1
NP_444301	Cox6c	0	Q9CPQ1	COX6C	1	1	1
NP_444321	Cox4i2	0	Q91W29	COX42	1	1	1
NP_444322	Kars	0	Q99MN1	SYK	1	1	1
NP_444344	Pabpc5	0	Q8C7D3	Q8C7D3	1	1	1
NP_444349	Echs1	0	Q8BH95	ECHM	1	1	1
NP_444352	Immp2l	0	Q8BPT6	IMP2L	1	1	1
NP_444388	Mrpl1	0	Q99N96	RM01	1	1	1
NP_444389	Mrpl3	0	Q99N95	RM03	1	1	1
NP_444391	Mrpl27	0	Q99N92	RM27	1	1	1
NP_444392	Mrpl34	0	Q99N91	RM34	1	1	1
NP_444393	Mrpl36	0	Q99N90	RM36	1	1	1
NP_444394	Mrpl43	0	Q99N89	RM43	0.992424242424242	0.992424242424242	0.830188679245283
NP_444426	Sfxn2	0	Q925N2	SFXN2	1	1	1
NP_444428	Sfxn4	0	Q925N1	SFXN4	1	1	1
NP_473411	Afg3l1	0	Q920A7	AFG31	1	1	1
NP_473435	Acsm1	0	Q91VA0	ACSM1	1	1	1
NP_478121	Recql4	0	Q75NR7	RECQ4	0.993421052631579	0.993421052631579	1
NP_510964	Mrps21	0	P58059	RT21	1	1	1
NP_525028	Grhpr	0	Q91Z53	GRHPR	1	1	1
NP_536704	Mrps6	0	P58064	RT06	1	1	1
NP_542142	Acss1	0	Q99NB1	ACS2L	1	1	1
NP_542364	Aco2	0	Q99KI0	ACON	1	1	1
NP_542367	Hars2	0	Q99KK9	SYHM	1	1	1
NP_570934	Acaa1a	0	Q921H8	THIKA	1	1	1
NP_570954	Idh3b	0	Q91VA7	Q91VA7	1	1	1
NP_570962	Rtn4ip1	0	Q924D0	RT4I1	0.997474747474748	0.997474747474748	1
NP_573480	Bco2	0	Q99NF1	BCDO2	1	1	1
NP_573497	Bbc3	0	Q99ML1	BBC3	1	1	1
NP_579938	Acaca	0	Q5SWU9	ACACA	1	1	1
NP_598427	Ndufv1	0	Q91YT0	NDUV1	1	1	1
NP_598428	Pdk2	0	Q9JK42	PDK2	1	1	1
NP_598429	Slc25a3	0	Q8VEM8	MPCP	1	1	1
NP_598445	Mtarc2	0	Q922Q1	MARC2	1	1	1
NP_598466	Pycr2	0	Q922Q4	P5CR2	1	1	1
NP_598496	Ptcd1	0	Q8C2E4	PTCD1	1	1	1
NP_598518	Pgs1	0	Q8BHF7	PGPS1	1	1	1
NP_598531	Coq8b	0	Q566J8	COQ8B	0.99812382739212	0.99812382739212	1
NP_598544	Ptges2	0	Q8BWM0	PGES2	1	1	1
NP_598559	Exd2	0	Q8VEG4	EXD2	1	1	1
NP_598570	Kmo	0	Q91WN4	KMO	1	1	1
NP_598584	Mmaa	0	Q8C7H1	MMAA	1	1	1
NP_598600	Mmadhc	0	Q99LS1	MMAD	1	1	1
NP_598663	Sdsl	0	Q8R238	SDSL	1	1	1
NP_598665	Acacb	0	E9Q4Z2	ACACB	1	1	1
NP_598689	Chchd4	0	Q8VEA4	MIA40	1	1	1
NP_598745	Hemk1	0	Q921L7	HEMK1	1	1	1
NP_598768	Cisd1	0	Q91WS0	CISD1	1	1	1
NP_598782	Pnpo	0	Q91XF0	PNPO	1	1	1
NP_598790	Nt5m	0	Q8VCE6	NT5M	1	1	1
NP_598803	Aldh6a1	0	Q9EQ20	MMSA	1	1	1
NP_598845	Ppif	0	Q99KR7	PPIF	1	1	1
NP_598854	Letmd1	0	Q924L1	LTMD1	1	1	1
NP_598908	Macrod1	0	Q922B1	MACD1	1	1	1
NP_598915	Slc25a45	0	Q8CFJ7	S2545	1	1	1
NP_598949	Acot2	0	Q9QYR9	ACOT2	1	1	1
NP_608219	Fdps	0	Q920E5	FPPS	1	1	1
NP_613057	Gfm1	0	Q8K0D5	EFGM	1	1	1
NP_613061	Gldc	0	Q91W43	GCSP	1	1	1
NP_613063	Atp5o	0	Q9DB20	ATPO	1	1	1
NP_613065	Tomm70a	0	Q9CZW5	TOM70	1	1	1
NP_613067	Gatd3a	0	Q9D172	GAL3A	1	1	1
NP_619595	Sugct	0	Q7TNE1	SUCHY	1	1	1
NP_619605	Dnajc28	0	Q8VCE1	DJC28	1	1	1
NP_619606	Sardh	0	Q99LB7	SARDH	1	1	1
NP_620095	Slc25a36	0	Q922G0	S2536	1	1	1
NP_620097	Tmlhe	0	Q91ZE0	TMLH	1	1	1
NP_647469	Stard7	0	Q8R1R3	STAR7	1	1	1
NP_653116	Nmnat3	0	Q99JR6	NMNA3	1	1	1
NP_659033	Acat1	0	Q8QZT1	THIL	1	1	1
NP_659042	Slc25a38	0	Q91XD8	S2538	1	1	1
NP_659044	Pycr1	0	Q922W5	P5CR1	1	1	1
NP_659050	Tmem143	0	Q8VD26	TM143	0.997816593886463	0.997816593886463	1
NP_659056	Chpt1	0	Q8C025	CHPT1	1	1	1
NP_659064	Hdhd5	0	Q91WM2	HDHD5	1	1	1
NP_659071	Micu1	0	Q8VCX5	MICU1	1	1	1
NP_659076	Spata20	0	Q80YT5	SPT20	1	1	1
NP_659093	Pcca	0	Q91ZA3	PCCA	1	1	1
NP_659116	Prelid3a	0	Q8VE85	PLD3A	1	1	1
NP_659123	Cox15	0	Q8BJ03	COX15	1	1	1
NP_659145	Gatb	0	Q99JT1	GATB	1	1	1
NP_659146	Naxe	0	Q8K4Z3	NNRE	1	1	1
NP_659181	Acsf3	0	Q3URE1	ACSF3	1	1	1
NP_660113	Pitrm1	0	Q8K411	PREP	1	1	1
NP_660129	Gtpbp6	0	Q3U6U5	GTPB6	0.998054474708171	0.998054474708171	1
NP_660138	Slc25a28	0	Q8R0Z5	MFRN2	1	1	1
NP_663329	Nsun2	0	Q1HFZ0	NSUN2	1	1	1
NP_663335	Idi1	0	P58044	IDI1	1	1	0.802120141342756
NP_663356	Lactb2	0	Q99KR3	LACB2	1	1	1
NP_663402	Atpaf2	0	Q91YY4	ATPF2	1	1	0.969798657718121
NP_663408	Mrm1	0	Q99J25	MRM1	1	1	1
NP_663418	L2hgdh	0	Q91YP0	L2HDH	1	1	1
NP_663423	Dglucy	0	Q8BH86	GLUCM	1	1	1
NP_663435	Oxnad1	0	Q8VE38	OXND1	1	1	1
NP_663447	C030006K11Rik	0	Q8VE95	CH082	1	1	1
NP_663469	Me2	0	Q99KE1	MAOM	1	1	1
NP_663495	Trub2	0	Q91WG3	TRUB2	1	1	1
NP_663499	Mettl8	0	A2AUU0	METL8	1	1	0.713917525773196
NP_663517	Ahcyl1	0	Q80SW1	SAHH2	1	1	1
NP_663542	Hibadh	0	Q99L13	3HIDH	1	1	1
NP_663548	Mrps35	0	Q8BJZ4	RT35	0.9875	0.9875	1
NP_663570	Cbr4	0	Q91VT4	CBR4	1	1	1
NP_663589	Dlat	0	Q8BMF4	ODP2	1	1	1
NP_663590	Etfa	0	Q99LC5	ETFA	1	1	1
NP_663605	Pdk3	0	Q922H2	PDK3	1	1	1
NP_665686	Afg1l	0	Q3V384	AFG1L	1	1	1
NP_665828	Nags	0	Q8R4H7	NAGS	1	1	1
NP_666047	Glyat	0	Q91XE0	GLYAT	1	1	1
NP_666072	Mtrf1	0	Q8K126	RF1M	1	1	1
NP_666111	Rhot2	0	Q8JZN7	MIRO2	1	1	1
NP_666186	Tfb1m	0	Q8JZM0	TFB1M	1	1	1
NP_666202	Zadh2	0	Q8BGC4	PTGR3	1	1	1
NP_666218	Lyplal1	0	Q3UFF7	LYPL1	0.99581589958159	0.99581589958159	1
NP_666220	Hibch	0	Q8QZS1	HIBCH	1	1	1
NP_666253	Ppa2	0	Q91VM9	IPYR2	1	1	1
NP_666262	Nrd1	0	Q8BHG1	NRDC	1	1	1
NP_666342	Acaa1b	0	Q8VCH0	THIKB	1	1	1
NP_666368	Hpdl	0	Q8K248	HPDL	1	1	1
NP_671753	Abca9	0	Q8K449	ABCA9	1	1	1
NP_694704	Ndufs2	0	Q91WD5	NDUS2	1	1	1
NP_694756	Gtpbp10	0	Q8K013	GTPBA	1	1	1
NP_694790	Slc25a1	0	Q8JZU2	TXTP	1	1	1
NP_694792	Micos13	0	Q8R404	MIC13	1	1	1
NP_694808	Lars2	0	Q8VDC0	SYLM	1	1	1
NP_694816	Spg7	0	Q3ULF4	SPG7	1	1	1
NP_705721	Pank2	0	Q7M753	PANK2	1	1	1
NP_705736	Bcl2l13	0	P59017	B2L13	1	1	1
NP_705771	Aldh1l2	0	Q8K009	AL1L2	1	1	1
NP_705789	Nudt6	0	Q8CH40	NUDT6	0.993610223642173	0.996794871794872	1
NP_705794	Yrdc	0	Q3U5F4	YRDC	1	1	1
NP_705799	Hscb	0	Q8K3A0	HSC20	0.995726495726496	0.995726495726496	1
NP_705819	Nars2	0	Q8BGV0	SYNM	1	1	1
NP_722489	Fam210a	0	Q8BGY7	F210A	1	1	1
NP_722491	Twnk	0	Q8CIW5	PEO1	1	1	1
NP_722502	Acsf2	0	Q8VCW8	ACSF2	1	1	1
NP_758456	Mrpl21	0	Q9D1N9	RM21	1	1	0.87037037037037
NP_758495	Foxred1	0	Q3TQB2	FXRD1	0.987829614604463	1	1
NP_765986	Akr1b10	0	G5E895	G5E895	1	1	1
NP_765990	Slc25a32	0	Q8BMG8	MFTC	1	1	1
NP_766010	Fastkd2	0	Q922E6	FAKD2	1	1	1
NP_766018	Sphkap	0	Q6NSW3	SPKAP	0.981624184943687	0.998793727382388	1
NP_766024	Slc25a12	0	Q8BH59	CMC1	1	1	1
NP_766041	Pif1	0	Q80SX8	PIF1	1	1	1
NP_766044	Exog	0	Q8C163	EXOG	1	1	1
NP_766099	Abhd10	0	Q6PE15	ABHDA	1	1	1
NP_766120	Aldh5a1	0	Q8BWF0	SSDH	1	1	1
NP_766138	Ybey	0	Q8CAV0	YBEY	1	1	1
NP_766139	Polrmt	0	Q8BKF1	RPOM	1	1	1
NP_766165	Slc25a21	0	Q8BZ09	ODC	1	1	1
NP_766170	Coq6	0	Q8R1S0	COQ6	1	1	1
NP_766197	Tomm22	0	Q9CPQ3	TOM22	1	1	1
NP_766232	Dars2	0	Q8BIP0	SYDM	1	1	1
NP_766253	Pdk1	0	Q8BFP9	PDK1	1	1	1
NP_766266	Acad9	0	Q8JZN5	ACAD9	1	1	1
NP_766273	Slc25a24	0	Q8BMD8	SCMC1	1	1	1
NP_766275	Coq3	0	Q8BMS4	COQ3	1	1	1
NP_766292	Dnajc11	0	Q5U458	DJC11	1	1	1
NP_766299	Guf1	0	Q8C3X4	GUF1	1	1	1
NP_766333	Tufm	0	Q8BFR5	EFTU	1	1	1
NP_766366	Maob	0	Q8BW75	AOFB	1	1	1
NP_766548	Adck5	0	Q80V03	ADCK5	0.998281786941581	0.998281786941581	1
NP_766549	Abat	0	P61922	GABT	1	1	1
NP_766576	Fbxl4	0	Q8BH70	FBXL4	1	1	1
NP_766599	Idh2	0	P54071	IDHP	1	1	1
NP_766600	Letm2	0	Q7TNU7	LETM2	1	1	1
NP_766617	Adcy10	0	Q8C0T9	ADCYA	1	1	1
NP_766635	Cbr3	0	Q8K354	CBR3	1	1	1
NP_775272	Pmpca	0	Q9DC61	MPPA	1	1	1
NP_775655	Tmem11	0	Q8BK08	TMM11	1	1	1
NP_776094	Suox	0	Q8R086	SUOX	1	1	1
NP_776101	Maoa	0	Q64133	AOFA	1	1	1
NP_776118	Mrps27	0	Q8BK72	RT27	1	1	1
NP_776124	Kyat3	0	Q71RI9	KAT3	1	1	1
NP_776133	Neu4	0	Q8BZL1	NEUR4	1	1	1
NP_776146	Iba57	0	Q8CAK1	CAF17	1	1	1
NP_776291	Gpt2	0	Q8BGT5	ALAT2	1	1	1
NP_777357	Miga1	0	Q4QQM5	MIGA1	1	1	1
NP_778152	Coa6	0	Q8BGD8	COA6	1	1	1
NP_778166	Mrpl22	0	Q8BU88	RM22	1	1	1
NP_778180	Atp5g3	0	P56384	AT5G3	1	1	1
NP_780303	Pdhx	0	Q8BKZ9	ODPX	1	1	1
NP_780315	Tmem177	0	Q8BPE4	TM177	1	1	1
NP_780346	Vars2	0	Q3U2A8	SYVM	1	1	1
NP_780387	Aifm3	0	Q3TY86	AIFM3	0.988429752066116	1	1
NP_780394	Hsdl1	0	Q8BTX9	HSDL1	1	1	1
NP_780403	Slc25a16	0	Q8C0K5	GDC	1	1	1
NP_780421	Tmem65	0	Q4VAE3	TMM65	1	1	1
NP_780445	Adhfe1	0	Q8R0N6	HOT	1	1	1
NP_780486	Bola3	0	Q8CEI1	BOLA3	1	1	1
NP_780533	Acad11	0	Q80XL6	ACD11	0.998716302952503	0.998716302952503	1
NP_780538	Chchd10	0	Q7TNL9	Q7TNL9	1	1	1
NP_780540	Nt5dc3	0	Q3UHB1	NT5D3	1	1	1
NP_780542	Slc25a41	0	Q8BVN7	S2541	1	1	1
NP_780558	Ldhal6b	0	Q8BVP2	Q8BVP2	1	1	1
NP_780573	Lyrm2	0	Q8R033	LYRM2	1	1	1
NP_780581	Rdh13	0	Q8CEE7	RDH13	1	1	1
NP_780583	Mtrf1l	0	Q8BJU9	RF1ML	1	1	1
NP_780647	Aldh4a1	0	Q8CHT0	AL4A1	1	1	1
NP_780648	Mars2	0	Q499X9	SYMM	1	1	1
NP_780732	Ppm1k	0	Q8BXN7	PPM1K	1	1	1
NP_789802	Spire1	0	Q52KF3	SPIR1	0.975378787878788	1	1
NP_795891	Mettl4	0	Q3U034	METL4	1	1	1
NP_796015	Flad1	0	Q8R123	FAD1	1	1	1
NP_796066	Msrb3	0	Q8BU85	MSRB3	1	1	1
NP_796216	Pptc7	0	Q6NVE9	PPTC7	1	1	1
NP_796218	Fastkd1	0	Q6DI86	FAKD1	1	1	1
NP_796272	Pisd	0	Q8BSF4	PISD	1	1	1
NP_796284	Xpnpep3	0	B7ZMP1	XPP3	0.972527472527473	0.972527472527473	0.94300518134715
NP_796346	Dna2	0	Q6ZQJ5	DNA2	1	1	1
NP_803421	Acaa2	0	Q8BWT1	THIM	1	1	1
NP_808477	Slc25a48	0	Q8BW66	S2548	1	1	1
NP_808524	E130311K13Rik	0	Q8BN57	CC033	1	1	1
NP_808537	Fam185a	0	Q7TPD2	F185A	1	1	1
NP_835152	Mterf4	0	Q8BVN4	MTEF4	1	1	1
NP_848466	Cox10	0	Q8CFY5	COX10	1	1	1
NP_848473	Slc25a31	0	Q3V132	ADT4	1	1	1
NP_848501	Acsm4	0	Q80W40	ACSM4	1	1	1
NP_848710	Ptrh1	0	Q8BW00	PTH	1	1	1
NP_848718	Mrpl50	0	Q8VDT9	RM50	1	1	1
NP_848729	Samm50	0	Q8BGH2	SAM50	1	1	1
NP_848734	Timm29	0	Q8BGX2	TIM29	1	1	1
NP_848754	Sfxn5	0	Q925N0	SFXN5	1	1	1
NP_848766	Slc30a9	0	Q5IRJ6	ZNT9	1	1	1
NP_848783	Pde12	0	Q3TIU4	PDE12	1	1	1
NP_848808	Coq4	0	Q8BGB8	COQ4	1	1	1
NP_848815	Grsf1	0	Q8C5Q4	GRSF1	1	1	1
NP_848834	Mief1	0	Q8BGV8	MID51	1	1	1
NP_848853	Prss35	0	Q8C0F9	PRS35	1	1	1
NP_848873	Acsm5	0	Q8BGA8	ACSM5	1	1	1
NP_848914	Acad12	0	D3Z7X0	D3Z7X0	1	1	1
NP_849179	Sirt5	0	Q8K2C6	SIR5	1	1	1
NP_849204	Adck2	0	Q6NSR3	ADCK2	0.99837925445705	0.99837925445705	1
NP_849209	Hadha	0	Q8BMS1	ECHA	1	1	1
NP_849213	D2hgdh	0	Q8CIM3	D2HDH	1	1	1
NP_849256	Nsun3	0	Q8CCT7	NSUN3	1	1	1
NP_849534	Atad3a	0	Q925I1	ATAD3	1	1	1
NP_851009	Gars	0	Q9CZD3	GARS	1	1	1
NP_851383	Atpaf1	0	Q811I0	ATPF1	1	1	0.931034482758621
NP_851832	Car5b	0	Q9QZA0	CAH5B	1	1	1
NP_851842	Slc25a15	0	Q9WVD5	ORNT1	1	1	1
NP_851845	Slc25a29	0	Q8BL03	MCATL	1	1	1
NP_852071	Rars2	0	Q3U186	SYRM	1	1	1
NP_852072	Me3	0	Q8BMF3	MAON	1	1	1
NP_852088	Supv3l1	0	Q80YD1	SUV3	1	1	1
NP_898909	Mrps10	0	Q80ZK0	RT10	0.99375	0.99375	1
NP_898962	Pld6	0	Q5SWZ9	PLD6	0.992805755395683	0.992805755395683	0.945578231292517
NP_898973	BC003965	0	Q6RUT7	CSMT1	1	1	1
NP_898993	Mpv17l2	0	Q8VIK2	M17L2	1	1	1
NP_899079	Cox14	0	Q8BH51	COX14	1	1	1
NP_899086	Mrm3	0	Q5ND52	MRM3	1	1	1
NP_899093	Coa4	0	Q8BT51	COA4	1	1	1
NP_899098	Tefm	0	Q5SSK3	TEFM	1	1	1
NP_899202	Gadd45gip1	0	Q9CR59	G45IP	1	1	1
NP_932096	Uqcr10	0	Q8R1I1	QCR9	1	1	1
NP_932097	Cox19	0	Q8K0C8	COX19	1	1	1
NP_932123	Coa5	0	Q99M07	COA5	1	1	1
NP_937889	Yars2	0	Q8BYL4	SYYM	1	1	1
NP_938050	Pdpr	0	Q7TSQ8	PDPR	1	1	1
NP_940807	Ckmt2	0	Q6P8J7	KCRS	1	1	1
NP_941010	Aars2	0	Q14CH7	SYAM	1	1	1
NP_941055	Iars2	0	Q8BIJ6	SYIM	1	1	1
NP_942128	Mrpl48	0	Q8JZS9	RM48	0.990521327014218	0.990521327014218	1
NP_950173	Cox11	0	Q6P8I6	COX11	1	1	1
NP_954665	Bckdhb	0	Q6P3A8	ODBB	1	1	1
NP_954667	Rbfa	0	Q6P3B9	RBFA	1	1	1
NP_955005	Mtg1	0	Q8R2R6	MTG1	1	1	1
NP_958746	Lyrm4	0	Q8K215	LYRM4	1	1	1
NP_997090	Mrps26	0	Q80ZS3	RT26	1	1	1
NP_997408	Opa3	0	Q505D7	OPA3	1	1	1
NP_997563	Bcl2l11	0	O54918	B2L11	1	1	1
